{
    "$schema": "https://schema.management.azure.com/schemas/2019-04-01/deploymentTemplate.json#",
    "contentVersion": "1.0.0.0",
    "parameters": {
        "workspaces_sk_poc_databricks_workspace_name": {
            "defaultValue": "sk-poc-databricks-workspace",
            "type": "String"
        }
    },
    "variables": {},
    "resources": [
        {
            "type": "Microsoft.Databricks/workspaces",
            "apiVersion": "2025-03-01-preview",
            "name": "[parameters('workspaces_sk_poc_databricks_workspace_name')]",
            "location": "centralindia",
            "sku": {
                "name": "trial"
            },
            "properties": {
                "defaultCatalog": {
                    "initialType": "UnityCatalog"
                },
                "managedResourceGroupId": "[concat('/subscriptions/79470d96-6e02-4690-bc5b-73120a6d188e/resourceGroups/databricks-rg-', parameters('workspaces_sk_poc_databricks_workspace_name'), '-6it3rzauvooxm')]",
                "parameters": {
                    "enableNoPublicIp": {
                        "value": true
                    },
                    "prepareEncryption": {
                        "value": false
                    },
                    "requireInfrastructureEncryption": {
                        "value": false
                    },
                    "storageAccountName": {
                        "value": "dbstoragel3sfq2psi7skc"
                    },
                    "storageAccountSkuName": {
                        "value": "Standard_GRS"
                    }
                },
                "authorizations": [
                    {
                        "principalId": "9a74af6f-d153-4348-988a-e2672920bee9",
                        "roleDefinitionId": "8e3af657-a8ff-443c-a75c-2fe8c4bcb635"
                    }
                ],
                "createdBy": {},
                "updatedBy": {}
            }
        }
    ]
}