{
    "$schema": "https://schema.management.azure.com/schemas/2015-01-01/deploymentParameters.json#",
    "contentVersion": "1.0.0.0",
    "parameters": {
        "vulnerabilityAssessments_Default_storageContainerPath": {
            "value": null
        },
        "servers_sk_poc_dql_db_name": {
            "value": null
        },
        "storageAccounts_skpocstrg_name": {
            "value": null
        },
        "workspaces_sk_poc_databricks_workspace_name": {
            "value": null
        }
    }
}