{
    "$schema": "https://schema.management.azure.com/schemas/2019-04-01/deploymentTemplate.json#",
    "contentVersion": "1.0.0.0",
    "parameters": {
        "vulnerabilityAssessments_Default_storageContainerPath": {
            "type": "SecureString"
        },
        "servers_sk_poc_dql_db_name": {
            "defaultValue": "sk-poc-dql-db",
            "type": "String"
        },
        "storageAccounts_skpocstrg_name": {
            "defaultValue": "skpocstrg",
            "type": "String"
        },
        "workspaces_sk_poc_databricks_workspace_name": {
            "defaultValue": "sk-poc-databricks-workspace",
            "type": "String"
        }
    },
    "variables": {},
    "resources": [
        {
            "type": "Microsoft.Databricks/workspaces",
            "apiVersion": "2025-03-01-preview",
            "name": "[parameters('workspaces_sk_poc_databricks_workspace_name')]",
            "location": "centralindia",
            "sku": {
                "name": "trial"
            },
            "properties": {
                "defaultCatalog": {
                    "initialType": "UnityCatalog"
                },
                "managedResourceGroupId": "[concat('/subscriptions/79470d96-6e02-4690-bc5b-73120a6d188e/resourceGroups/databricks-rg-', parameters('workspaces_sk_poc_databricks_workspace_name'), '-6it3rzauvooxm')]",
                "parameters": {
                    "enableNoPublicIp": {
                        "value": true
                    },
                    "prepareEncryption": {
                        "value": false
                    },
                    "requireInfrastructureEncryption": {
                        "value": false
                    },
                    "storageAccountName": {
                        "value": "dbstoragel3sfq2psi7skc"
                    },
                    "storageAccountSkuName": {
                        "value": "Standard_GRS"
                    }
                },
                "authorizations": [
                    {
                        "principalId": "9a74af6f-d153-4348-988a-e2672920bee9",
                        "roleDefinitionId": "8e3af657-a8ff-443c-a75c-2fe8c4bcb635"
                    }
                ],
                "createdBy": {},
                "updatedBy": {}
            }
        },
        {
            "type": "Microsoft.Sql/servers",
            "apiVersion": "2024-05-01-preview",
            "name": "[parameters('servers_sk_poc_dql_db_name')]",
            "location": "centralindia",
            "kind": "v12.0",
            "properties": {
                "administratorLogin": "skadmin",
                "version": "12.0",
                "minimalTlsVersion": "1.2",
                "publicNetworkAccess": "Enabled",
                "restrictOutboundNetworkAccess": "Disabled"
            }
        },
        {
            "type": "Microsoft.Storage/storageAccounts",
            "apiVersion": "2025-01-01",
            "name": "[parameters('storageAccounts_skpocstrg_name')]",
            "location": "centralindia",
            "sku": {
                "name": "Standard_RAGRS",
                "tier": "Standard"
            },
            "kind": "StorageV2",
            "properties": {
                "dnsEndpointType": "Standard",
                "defaultToOAuthAuthentication": false,
                "publicNetworkAccess": "Enabled",
                "allowCrossTenantReplication": false,
                "minimumTlsVersion": "TLS1_2",
                "allowBlobPublicAccess": false,
                "allowSharedKeyAccess": true,
                "largeFileSharesState": "Enabled",
                "networkAcls": {
                    "bypass": "AzureServices",
                    "virtualNetworkRules": [],
                    "ipRules": [],
                    "defaultAction": "Allow"
                },
                "supportsHttpsTrafficOnly": true,
                "encryption": {
                    "requireInfrastructureEncryption": false,
                    "services": {
                        "file": {
                            "keyType": "Account",
                            "enabled": true
                        },
                        "blob": {
                            "keyType": "Account",
                            "enabled": true
                        }
                    },
                    "keySource": "Microsoft.Storage"
                },
                "accessTier": "Hot"
            }
        },
        {
            "type": "Microsoft.Sql/servers/advancedThreatProtectionSettings",
            "apiVersion": "2024-05-01-preview",
            "name": "[concat(parameters('servers_sk_poc_dql_db_name'), '/Default')]",
            "dependsOn": [
                "[resourceId('Microsoft.Sql/servers', parameters('servers_sk_poc_dql_db_name'))]"
            ],
            "properties": {
                "state": "Disabled"
            }
        },
        {
            "type": "Microsoft.Sql/servers/advisors",
            "apiVersion": "2014-04-01",
            "name": "[concat(parameters('servers_sk_poc_dql_db_name'), '/CreateIndex')]",
            "dependsOn": [
                "[resourceId('Microsoft.Sql/servers', parameters('servers_sk_poc_dql_db_name'))]"
            ],
            "properties": {
                "autoExecuteValue": "Disabled"
            }
        },
        {
            "type": "Microsoft.Sql/servers/advisors",
            "apiVersion": "2014-04-01",
            "name": "[concat(parameters('servers_sk_poc_dql_db_name'), '/DbParameterization')]",
            "dependsOn": [
                "[resourceId('Microsoft.Sql/servers', parameters('servers_sk_poc_dql_db_name'))]"
            ],
            "properties": {
                "autoExecuteValue": "Disabled"
            }
        },
        {
            "type": "Microsoft.Sql/servers/advisors",
            "apiVersion": "2014-04-01",
            "name": "[concat(parameters('servers_sk_poc_dql_db_name'), '/DefragmentIndex')]",
            "dependsOn": [
                "[resourceId('Microsoft.Sql/servers', parameters('servers_sk_poc_dql_db_name'))]"
            ],
            "properties": {
                "autoExecuteValue": "Disabled"
            }
        },
        {
            "type": "Microsoft.Sql/servers/advisors",
            "apiVersion": "2014-04-01",
            "name": "[concat(parameters('servers_sk_poc_dql_db_name'), '/DropIndex')]",
            "dependsOn": [
                "[resourceId('Microsoft.Sql/servers', parameters('servers_sk_poc_dql_db_name'))]"
            ],
            "properties": {
                "autoExecuteValue": "Disabled"
            }
        },
        {
            "type": "Microsoft.Sql/servers/advisors",
            "apiVersion": "2014-04-01",
            "name": "[concat(parameters('servers_sk_poc_dql_db_name'), '/ForceLastGoodPlan')]",
            "dependsOn": [
                "[resourceId('Microsoft.Sql/servers', parameters('servers_sk_poc_dql_db_name'))]"
            ],
            "properties": {
                "autoExecuteValue": "Enabled"
            }
        },
        {
            "type": "Microsoft.Sql/servers/auditingPolicies",
            "apiVersion": "2014-04-01",
            "name": "[concat(parameters('servers_sk_poc_dql_db_name'), '/Default')]",
            "location": "Central India",
            "dependsOn": [
                "[resourceId('Microsoft.Sql/servers', parameters('servers_sk_poc_dql_db_name'))]"
            ],
            "properties": {
                "auditingState": "Disabled"
            }
        },
        {
            "type": "Microsoft.Sql/servers/auditingSettings",
            "apiVersion": "2024-05-01-preview",
            "name": "[concat(parameters('servers_sk_poc_dql_db_name'), '/Default')]",
            "dependsOn": [
                "[resourceId('Microsoft.Sql/servers', parameters('servers_sk_poc_dql_db_name'))]"
            ],
            "properties": {
                "retentionDays": 0,
                "auditActionsAndGroups": [],
                "isStorageSecondaryKeyInUse": false,
                "isAzureMonitorTargetEnabled": false,
                "isManagedIdentityInUse": false,
                "state": "Disabled",
                "storageAccountSubscriptionId": "00000000-0000-0000-0000-000000000000"
            }
        },
        {
            "type": "Microsoft.Sql/servers/connectionPolicies",
            "apiVersion": "2024-05-01-preview",
            "name": "[concat(parameters('servers_sk_poc_dql_db_name'), '/default')]",
            "location": "centralindia",
            "dependsOn": [
                "[resourceId('Microsoft.Sql/servers', parameters('servers_sk_poc_dql_db_name'))]"
            ],
            "properties": {
                "connectionType": "Default"
            }
        },
        {
            "type": "Microsoft.Sql/servers/databases",
            "apiVersion": "2024-05-01-preview",
            "name": "[concat(parameters('servers_sk_poc_dql_db_name'), '/sk-poc-sql-db')]",
            "location": "centralindia",
            "dependsOn": [
                "[resourceId('Microsoft.Sql/servers', parameters('servers_sk_poc_dql_db_name'))]"
            ],
            "sku": {
                "name": "GP_S_Gen5",
                "tier": "GeneralPurpose",
                "family": "Gen5",
                "capacity": 1
            },
            "kind": "v12.0,user,vcore,serverless",
            "properties": {
                "collation": "SQL_Latin1_General_CP1_CI_AS",
                "maxSizeBytes": 5368709120,
                "catalogCollation": "SQL_Latin1_General_CP1_CI_AS",
                "zoneRedundant": false,
                "readScale": "Disabled",
                "autoPauseDelay": -1,
                "requestedBackupStorageRedundancy": "Geo",
                "minCapacity": 0.5,
                "maintenanceConfigurationId": "/subscriptions/79470d96-6e02-4690-bc5b-73120a6d188e/providers/Microsoft.Maintenance/publicMaintenanceConfigurations/SQL_Default",
                "isLedgerOn": false,
                "availabilityZone": "NoPreference"
            }
        },
        {
            "type": "Microsoft.Sql/servers/databases/advancedThreatProtectionSettings",
            "apiVersion": "2024-05-01-preview",
            "name": "[concat(parameters('servers_sk_poc_dql_db_name'), '/master/Default')]",
            "dependsOn": [
                "[resourceId('Microsoft.Sql/servers', parameters('servers_sk_poc_dql_db_name'))]"
            ],
            "properties": {
                "state": "Disabled"
            }
        },
        {
            "type": "Microsoft.Sql/servers/databases/auditingPolicies",
            "apiVersion": "2014-04-01",
            "name": "[concat(parameters('servers_sk_poc_dql_db_name'), '/master/Default')]",
            "location": "Central India",
            "dependsOn": [
                "[resourceId('Microsoft.Sql/servers', parameters('servers_sk_poc_dql_db_name'))]"
            ],
            "properties": {
                "auditingState": "Disabled"
            }
        },
        {
            "type": "Microsoft.Sql/servers/databases/auditingSettings",
            "apiVersion": "2024-05-01-preview",
            "name": "[concat(parameters('servers_sk_poc_dql_db_name'), '/master/Default')]",
            "dependsOn": [
                "[resourceId('Microsoft.Sql/servers', parameters('servers_sk_poc_dql_db_name'))]"
            ],
            "properties": {
                "retentionDays": 0,
                "isAzureMonitorTargetEnabled": false,
                "state": "Disabled",
                "storageAccountSubscriptionId": "00000000-0000-0000-0000-000000000000"
            }
        },
        {
            "type": "Microsoft.Sql/servers/databases/extendedAuditingSettings",
            "apiVersion": "2024-05-01-preview",
            "name": "[concat(parameters('servers_sk_poc_dql_db_name'), '/master/Default')]",
            "dependsOn": [
                "[resourceId('Microsoft.Sql/servers', parameters('servers_sk_poc_dql_db_name'))]"
            ],
            "properties": {
                "retentionDays": 0,
                "isAzureMonitorTargetEnabled": false,
                "state": "Disabled",
                "storageAccountSubscriptionId": "00000000-0000-0000-0000-000000000000"
            }
        },
        {
            "type": "Microsoft.Sql/servers/databases/geoBackupPolicies",
            "apiVersion": "2024-05-01-preview",
            "name": "[concat(parameters('servers_sk_poc_dql_db_name'), '/master/Default')]",
            "dependsOn": [
                "[resourceId('Microsoft.Sql/servers', parameters('servers_sk_poc_dql_db_name'))]"
            ],
            "properties": {
                "state": "Disabled"
            }
        },
        {
            "type": "Microsoft.Sql/servers/databases/ledgerDigestUploads",
            "apiVersion": "2024-05-01-preview",
            "name": "[concat(parameters('servers_sk_poc_dql_db_name'), '/master/Current')]",
            "dependsOn": [
                "[resourceId('Microsoft.Sql/servers', parameters('servers_sk_poc_dql_db_name'))]"
            ],
            "properties": {}
        },
        {
            "type": "Microsoft.Sql/servers/databases/securityAlertPolicies",
            "apiVersion": "2024-05-01-preview",
            "name": "[concat(parameters('servers_sk_poc_dql_db_name'), '/master/Default')]",
            "dependsOn": [
                "[resourceId('Microsoft.Sql/servers', parameters('servers_sk_poc_dql_db_name'))]"
            ],
            "properties": {
                "state": "Disabled",
                "disabledAlerts": [
                    ""
                ],
                "emailAddresses": [
                    ""
                ],
                "emailAccountAdmins": false,
                "retentionDays": 0
            }
        },
        {
            "type": "Microsoft.Sql/servers/databases/transparentDataEncryption",
            "apiVersion": "2024-05-01-preview",
            "name": "[concat(parameters('servers_sk_poc_dql_db_name'), '/master/Current')]",
            "dependsOn": [
                "[resourceId('Microsoft.Sql/servers', parameters('servers_sk_poc_dql_db_name'))]"
            ],
            "properties": {
                "state": "Disabled"
            }
        },
        {
            "type": "Microsoft.Sql/servers/databases/vulnerabilityAssessments",
            "apiVersion": "2024-05-01-preview",
            "name": "[concat(parameters('servers_sk_poc_dql_db_name'), '/master/Default')]",
            "dependsOn": [
                "[resourceId('Microsoft.Sql/servers', parameters('servers_sk_poc_dql_db_name'))]"
            ],
            "properties": {
                "recurringScans": {
                    "isEnabled": false,
                    "emailSubscriptionAdmins": true
                }
            }
        },
        {
            "type": "Microsoft.Sql/servers/devOpsAuditingSettings",
            "apiVersion": "2024-05-01-preview",
            "name": "[concat(parameters('servers_sk_poc_dql_db_name'), '/Default')]",
            "dependsOn": [
                "[resourceId('Microsoft.Sql/servers', parameters('servers_sk_poc_dql_db_name'))]"
            ],
            "properties": {
                "isAzureMonitorTargetEnabled": false,
                "isManagedIdentityInUse": false,
                "state": "Disabled",
                "storageAccountSubscriptionId": "00000000-0000-0000-0000-000000000000"
            }
        },
        {
            "type": "Microsoft.Sql/servers/encryptionProtector",
            "apiVersion": "2024-05-01-preview",
            "name": "[concat(parameters('servers_sk_poc_dql_db_name'), '/current')]",
            "dependsOn": [
                "[resourceId('Microsoft.Sql/servers', parameters('servers_sk_poc_dql_db_name'))]"
            ],
            "kind": "servicemanaged",
            "properties": {
                "serverKeyName": "ServiceManaged",
                "serverKeyType": "ServiceManaged",
                "autoRotationEnabled": false
            }
        },
        {
            "type": "Microsoft.Sql/servers/extendedAuditingSettings",
            "apiVersion": "2024-05-01-preview",
            "name": "[concat(parameters('servers_sk_poc_dql_db_name'), '/Default')]",
            "dependsOn": [
                "[resourceId('Microsoft.Sql/servers', parameters('servers_sk_poc_dql_db_name'))]"
            ],
            "properties": {
                "retentionDays": 0,
                "auditActionsAndGroups": [],
                "isStorageSecondaryKeyInUse": false,
                "isAzureMonitorTargetEnabled": false,
                "isManagedIdentityInUse": false,
                "state": "Disabled",
                "storageAccountSubscriptionId": "00000000-0000-0000-0000-000000000000"
            }
        },
        {
            "type": "Microsoft.Sql/servers/firewallRules",
            "apiVersion": "2024-05-01-preview",
            "name": "[concat(parameters('servers_sk_poc_dql_db_name'), '/49.36.49.201')]",
            "dependsOn": [
                "[resourceId('Microsoft.Sql/servers', parameters('servers_sk_poc_dql_db_name'))]"
            ],
            "properties": {
                "startIpAddress": "49.36.49.201",
                "endIpAddress": "49.36.49.201"
            }
        },
        {
            "type": "Microsoft.Sql/servers/firewallRules",
            "apiVersion": "2024-05-01-preview",
            "name": "[concat(parameters('servers_sk_poc_dql_db_name'), '/49.36.49.40')]",
            "dependsOn": [
                "[resourceId('Microsoft.Sql/servers', parameters('servers_sk_poc_dql_db_name'))]"
            ],
            "properties": {
                "startIpAddress": "49.36.49.40",
                "endIpAddress": "49.36.49.40"
            }
        },
        {
            "type": "Microsoft.Sql/servers/firewallRules",
            "apiVersion": "2024-05-01-preview",
            "name": "[concat(parameters('servers_sk_poc_dql_db_name'), '/AllowAllWindowsAzureIps')]",
            "dependsOn": [
                "[resourceId('Microsoft.Sql/servers', parameters('servers_sk_poc_dql_db_name'))]"
            ],
            "properties": {
                "startIpAddress": "0.0.0.0",
                "endIpAddress": "0.0.0.0"
            }
        },
        {
            "type": "Microsoft.Sql/servers/firewallRules",
            "apiVersion": "2024-05-01-preview",
            "name": "[concat(parameters('servers_sk_poc_dql_db_name'), '/FireWallByPass-52.140.104.170')]",
            "dependsOn": [
                "[resourceId('Microsoft.Sql/servers', parameters('servers_sk_poc_dql_db_name'))]"
            ],
            "properties": {
                "startIpAddress": "52.140.104.170",
                "endIpAddress": "52.140.104.170"
            }
        },
        {
            "type": "Microsoft.Sql/servers/keys",
            "apiVersion": "2024-05-01-preview",
            "name": "[concat(parameters('servers_sk_poc_dql_db_name'), '/ServiceManaged')]",
            "dependsOn": [
                "[resourceId('Microsoft.Sql/servers', parameters('servers_sk_poc_dql_db_name'))]"
            ],
            "kind": "servicemanaged",
            "properties": {
                "serverKeyType": "ServiceManaged"
            }
        },
        {
            "type": "Microsoft.Sql/servers/securityAlertPolicies",
            "apiVersion": "2024-05-01-preview",
            "name": "[concat(parameters('servers_sk_poc_dql_db_name'), '/Default')]",
            "dependsOn": [
                "[resourceId('Microsoft.Sql/servers', parameters('servers_sk_poc_dql_db_name'))]"
            ],
            "properties": {
                "state": "Disabled",
                "disabledAlerts": [
                    ""
                ],
                "emailAddresses": [
                    ""
                ],
                "emailAccountAdmins": false,
                "retentionDays": 0
            }
        },
        {
            "type": "Microsoft.Sql/servers/sqlVulnerabilityAssessments",
            "apiVersion": "2024-05-01-preview",
            "name": "[concat(parameters('servers_sk_poc_dql_db_name'), '/Default')]",
            "dependsOn": [
                "[resourceId('Microsoft.Sql/servers', parameters('servers_sk_poc_dql_db_name'))]"
            ],
            "properties": {
                "state": "Disabled"
            }
        },
        {
            "type": "Microsoft.Sql/servers/vulnerabilityAssessments",
            "apiVersion": "2024-05-01-preview",
            "name": "[concat(parameters('servers_sk_poc_dql_db_name'), '/Default')]",
            "dependsOn": [
                "[resourceId('Microsoft.Sql/servers', parameters('servers_sk_poc_dql_db_name'))]"
            ],
            "properties": {
                "recurringScans": {
                    "isEnabled": false,
                    "emailSubscriptionAdmins": true
                },
                "storageContainerPath": "[parameters('vulnerabilityAssessments_Default_storageContainerPath')]"
            }
        },
        {
            "type": "Microsoft.Storage/storageAccounts/blobServices",
            "apiVersion": "2025-01-01",
            "name": "[concat(parameters('storageAccounts_skpocstrg_name'), '/default')]",
            "dependsOn": [
                "[resourceId('Microsoft.Storage/storageAccounts', parameters('storageAccounts_skpocstrg_name'))]"
            ],
            "sku": {
                "name": "Standard_RAGRS",
                "tier": "Standard"
            },
            "properties": {
                "cors": {
                    "corsRules": []
                },
                "deleteRetentionPolicy": {
                    "allowPermanentDelete": false,
                    "enabled": true,
                    "days": 7
                },
                "containerDeleteRetentionPolicy": {
                    "enabled": true,
                    "days": 7
                }
            }
        },
        {
            "type": "Microsoft.Storage/storageAccounts/fileServices",
            "apiVersion": "2025-01-01",
            "name": "[concat(parameters('storageAccounts_skpocstrg_name'), '/default')]",
            "dependsOn": [
                "[resourceId('Microsoft.Storage/storageAccounts', parameters('storageAccounts_skpocstrg_name'))]"
            ],
            "sku": {
                "name": "Standard_RAGRS",
                "tier": "Standard"
            },
            "properties": {
                "protocolSettings": {
                    "smb": {}
                },
                "cors": {
                    "corsRules": []
                },
                "shareDeleteRetentionPolicy": {
                    "enabled": true,
                    "days": 7
                }
            }
        },
        {
            "type": "Microsoft.Storage/storageAccounts/queueServices",
            "apiVersion": "2025-01-01",
            "name": "[concat(parameters('storageAccounts_skpocstrg_name'), '/default')]",
            "dependsOn": [
                "[resourceId('Microsoft.Storage/storageAccounts', parameters('storageAccounts_skpocstrg_name'))]"
            ],
            "properties": {
                "cors": {
                    "corsRules": []
                }
            }
        },
        {
            "type": "Microsoft.Storage/storageAccounts/tableServices",
            "apiVersion": "2025-01-01",
            "name": "[concat(parameters('storageAccounts_skpocstrg_name'), '/default')]",
            "dependsOn": [
                "[resourceId('Microsoft.Storage/storageAccounts', parameters('storageAccounts_skpocstrg_name'))]"
            ],
            "properties": {
                "cors": {
                    "corsRules": []
                }
            }
        },
        {
            "type": "Microsoft.Sql/servers/databases/advancedThreatProtectionSettings",
            "apiVersion": "2024-05-01-preview",
            "name": "[concat(parameters('servers_sk_poc_dql_db_name'), '/sk-poc-sql-db/Default')]",
            "dependsOn": [
                "[resourceId('Microsoft.Sql/servers/databases', parameters('servers_sk_poc_dql_db_name'), 'sk-poc-sql-db')]",
                "[resourceId('Microsoft.Sql/servers', parameters('servers_sk_poc_dql_db_name'))]"
            ],
            "properties": {
                "state": "Disabled"
            }
        },
        {
            "type": "Microsoft.Sql/servers/databases/advisors",
            "apiVersion": "2014-04-01",
            "name": "[concat(parameters('servers_sk_poc_dql_db_name'), '/sk-poc-sql-db/CreateIndex')]",
            "dependsOn": [
                "[resourceId('Microsoft.Sql/servers/databases', parameters('servers_sk_poc_dql_db_name'), 'sk-poc-sql-db')]",
                "[resourceId('Microsoft.Sql/servers', parameters('servers_sk_poc_dql_db_name'))]"
            ],
            "properties": {
                "autoExecuteValue": "Disabled"
            }
        },
        {
            "type": "Microsoft.Sql/servers/databases/advisors",
            "apiVersion": "2014-04-01",
            "name": "[concat(parameters('servers_sk_poc_dql_db_name'), '/sk-poc-sql-db/DbParameterization')]",
            "dependsOn": [
                "[resourceId('Microsoft.Sql/servers/databases', parameters('servers_sk_poc_dql_db_name'), 'sk-poc-sql-db')]",
                "[resourceId('Microsoft.Sql/servers', parameters('servers_sk_poc_dql_db_name'))]"
            ],
            "properties": {
                "autoExecuteValue": "Disabled"
            }
        },
        {
            "type": "Microsoft.Sql/servers/databases/advisors",
            "apiVersion": "2014-04-01",
            "name": "[concat(parameters('servers_sk_poc_dql_db_name'), '/sk-poc-sql-db/DefragmentIndex')]",
            "dependsOn": [
                "[resourceId('Microsoft.Sql/servers/databases', parameters('servers_sk_poc_dql_db_name'), 'sk-poc-sql-db')]",
                "[resourceId('Microsoft.Sql/servers', parameters('servers_sk_poc_dql_db_name'))]"
            ],
            "properties": {
                "autoExecuteValue": "Disabled"
            }
        },
        {
            "type": "Microsoft.Sql/servers/databases/advisors",
            "apiVersion": "2014-04-01",
            "name": "[concat(parameters('servers_sk_poc_dql_db_name'), '/sk-poc-sql-db/DropIndex')]",
            "dependsOn": [
                "[resourceId('Microsoft.Sql/servers/databases', parameters('servers_sk_poc_dql_db_name'), 'sk-poc-sql-db')]",
                "[resourceId('Microsoft.Sql/servers', parameters('servers_sk_poc_dql_db_name'))]"
            ],
            "properties": {
                "autoExecuteValue": "Disabled"
            }
        },
        {
            "type": "Microsoft.Sql/servers/databases/advisors",
            "apiVersion": "2014-04-01",
            "name": "[concat(parameters('servers_sk_poc_dql_db_name'), '/sk-poc-sql-db/ForceLastGoodPlan')]",
            "dependsOn": [
                "[resourceId('Microsoft.Sql/servers/databases', parameters('servers_sk_poc_dql_db_name'), 'sk-poc-sql-db')]",
                "[resourceId('Microsoft.Sql/servers', parameters('servers_sk_poc_dql_db_name'))]"
            ],
            "properties": {
                "autoExecuteValue": "Enabled"
            }
        },
        {
            "type": "Microsoft.Sql/servers/databases/auditingPolicies",
            "apiVersion": "2014-04-01",
            "name": "[concat(parameters('servers_sk_poc_dql_db_name'), '/sk-poc-sql-db/Default')]",
            "location": "Central India",
            "dependsOn": [
                "[resourceId('Microsoft.Sql/servers/databases', parameters('servers_sk_poc_dql_db_name'), 'sk-poc-sql-db')]",
                "[resourceId('Microsoft.Sql/servers', parameters('servers_sk_poc_dql_db_name'))]"
            ],
            "properties": {
                "auditingState": "Disabled"
            }
        },
        {
            "type": "Microsoft.Sql/servers/databases/auditingSettings",
            "apiVersion": "2024-05-01-preview",
            "name": "[concat(parameters('servers_sk_poc_dql_db_name'), '/sk-poc-sql-db/Default')]",
            "dependsOn": [
                "[resourceId('Microsoft.Sql/servers/databases', parameters('servers_sk_poc_dql_db_name'), 'sk-poc-sql-db')]",
                "[resourceId('Microsoft.Sql/servers', parameters('servers_sk_poc_dql_db_name'))]"
            ],
            "properties": {
                "retentionDays": 0,
                "isAzureMonitorTargetEnabled": false,
                "state": "Disabled",
                "storageAccountSubscriptionId": "00000000-0000-0000-0000-000000000000"
            }
        },
        {
            "type": "Microsoft.Sql/servers/databases/backupLongTermRetentionPolicies",
            "apiVersion": "2024-05-01-preview",
            "name": "[concat(parameters('servers_sk_poc_dql_db_name'), '/sk-poc-sql-db/default')]",
            "dependsOn": [
                "[resourceId('Microsoft.Sql/servers/databases', parameters('servers_sk_poc_dql_db_name'), 'sk-poc-sql-db')]",
                "[resourceId('Microsoft.Sql/servers', parameters('servers_sk_poc_dql_db_name'))]"
            ],
            "properties": {
                "weeklyRetention": "PT0S",
                "monthlyRetention": "PT0S",
                "yearlyRetention": "PT0S",
                "weekOfYear": 0
            }
        },
        {
            "type": "Microsoft.Sql/servers/databases/backupShortTermRetentionPolicies",
            "apiVersion": "2024-05-01-preview",
            "name": "[concat(parameters('servers_sk_poc_dql_db_name'), '/sk-poc-sql-db/default')]",
            "dependsOn": [
                "[resourceId('Microsoft.Sql/servers/databases', parameters('servers_sk_poc_dql_db_name'), 'sk-poc-sql-db')]",
                "[resourceId('Microsoft.Sql/servers', parameters('servers_sk_poc_dql_db_name'))]"
            ],
            "properties": {
                "retentionDays": 7,
                "diffBackupIntervalInHours": 12
            }
        },
        {
            "type": "Microsoft.Sql/servers/databases/extendedAuditingSettings",
            "apiVersion": "2024-05-01-preview",
            "name": "[concat(parameters('servers_sk_poc_dql_db_name'), '/sk-poc-sql-db/Default')]",
            "dependsOn": [
                "[resourceId('Microsoft.Sql/servers/databases', parameters('servers_sk_poc_dql_db_name'), 'sk-poc-sql-db')]",
                "[resourceId('Microsoft.Sql/servers', parameters('servers_sk_poc_dql_db_name'))]"
            ],
            "properties": {
                "retentionDays": 0,
                "isAzureMonitorTargetEnabled": false,
                "state": "Disabled",
                "storageAccountSubscriptionId": "00000000-0000-0000-0000-000000000000"
            }
        },
        {
            "type": "Microsoft.Sql/servers/databases/geoBackupPolicies",
            "apiVersion": "2024-05-01-preview",
            "name": "[concat(parameters('servers_sk_poc_dql_db_name'), '/sk-poc-sql-db/Default')]",
            "dependsOn": [
                "[resourceId('Microsoft.Sql/servers/databases', parameters('servers_sk_poc_dql_db_name'), 'sk-poc-sql-db')]",
                "[resourceId('Microsoft.Sql/servers', parameters('servers_sk_poc_dql_db_name'))]"
            ],
            "properties": {
                "state": "Enabled"
            }
        },
        {
            "type": "Microsoft.Sql/servers/databases/ledgerDigestUploads",
            "apiVersion": "2024-05-01-preview",
            "name": "[concat(parameters('servers_sk_poc_dql_db_name'), '/sk-poc-sql-db/Current')]",
            "dependsOn": [
                "[resourceId('Microsoft.Sql/servers/databases', parameters('servers_sk_poc_dql_db_name'), 'sk-poc-sql-db')]",
                "[resourceId('Microsoft.Sql/servers', parameters('servers_sk_poc_dql_db_name'))]"
            ],
            "properties": {}
        },
        {
            "type": "Microsoft.Sql/servers/databases/securityAlertPolicies",
            "apiVersion": "2024-05-01-preview",
            "name": "[concat(parameters('servers_sk_poc_dql_db_name'), '/sk-poc-sql-db/Default')]",
            "dependsOn": [
                "[resourceId('Microsoft.Sql/servers/databases', parameters('servers_sk_poc_dql_db_name'), 'sk-poc-sql-db')]",
                "[resourceId('Microsoft.Sql/servers', parameters('servers_sk_poc_dql_db_name'))]"
            ],
            "properties": {
                "state": "Disabled",
                "disabledAlerts": [
                    ""
                ],
                "emailAddresses": [
                    ""
                ],
                "emailAccountAdmins": false,
                "retentionDays": 0
            }
        },
        {
            "type": "Microsoft.Sql/servers/databases/transparentDataEncryption",
            "apiVersion": "2024-05-01-preview",
            "name": "[concat(parameters('servers_sk_poc_dql_db_name'), '/sk-poc-sql-db/Current')]",
            "dependsOn": [
                "[resourceId('Microsoft.Sql/servers/databases', parameters('servers_sk_poc_dql_db_name'), 'sk-poc-sql-db')]",
                "[resourceId('Microsoft.Sql/servers', parameters('servers_sk_poc_dql_db_name'))]"
            ],
            "properties": {
                "state": "Enabled"
            }
        },
        {
            "type": "Microsoft.Sql/servers/databases/vulnerabilityAssessments",
            "apiVersion": "2024-05-01-preview",
            "name": "[concat(parameters('servers_sk_poc_dql_db_name'), '/sk-poc-sql-db/Default')]",
            "dependsOn": [
                "[resourceId('Microsoft.Sql/servers/databases', parameters('servers_sk_poc_dql_db_name'), 'sk-poc-sql-db')]",
                "[resourceId('Microsoft.Sql/servers', parameters('servers_sk_poc_dql_db_name'))]"
            ],
            "properties": {
                "recurringScans": {
                    "isEnabled": false,
                    "emailSubscriptionAdmins": true
                }
            }
        },
        {
            "type": "Microsoft.Storage/storageAccounts/blobServices/containers",
            "apiVersion": "2025-01-01",
            "name": "[concat(parameters('storageAccounts_skpocstrg_name'), '/default/processed')]",
            "dependsOn": [
                "[resourceId('Microsoft.Storage/storageAccounts/blobServices', parameters('storageAccounts_skpocstrg_name'), 'default')]",
                "[resourceId('Microsoft.Storage/storageAccounts', parameters('storageAccounts_skpocstrg_name'))]"
            ],
            "properties": {
                "immutableStorageWithVersioning": {
                    "enabled": false
                },
                "defaultEncryptionScope": "$account-encryption-key",
                "denyEncryptionScopeOverride": false,
                "publicAccess": "None"
            }
        },
        {
            "type": "Microsoft.Storage/storageAccounts/blobServices/containers",
            "apiVersion": "2025-01-01",
            "name": "[concat(parameters('storageAccounts_skpocstrg_name'), '/default/raw')]",
            "dependsOn": [
                "[resourceId('Microsoft.Storage/storageAccounts/blobServices', parameters('storageAccounts_skpocstrg_name'), 'default')]",
                "[resourceId('Microsoft.Storage/storageAccounts', parameters('storageAccounts_skpocstrg_name'))]"
            ],
            "properties": {
                "immutableStorageWithVersioning": {
                    "enabled": false
                },
                "defaultEncryptionScope": "$account-encryption-key",
                "denyEncryptionScopeOverride": false,
                "publicAccess": "None"
            }
        }
    ]
}