{
    "$schema": "https://schema.management.azure.com/schemas/2019-04-01/deploymentTemplate.json#",
    "contentVersion": "1.0.0.0",
    "parameters": {
        "servers_sk_poc_dql_db_name": {
            "defaultValue": "sk-poc-dql-db",
            "type": "String"
        }
    },
    "variables": {},
    "resources": [
        {
            "type": "Microsoft.Sql/servers/databases",
            "apiVersion": "2024-05-01-preview",
            "name": "[concat(parameters('servers_sk_poc_dql_db_name'), '/sk-poc-sql-db')]",
            "location": "centralindia",
            "sku": {
                "name": "GP_S_Gen5",
                "tier": "GeneralPurpose",
                "family": "Gen5",
                "capacity": 1
            },
            "kind": "v12.0,user,vcore,serverless",
            "properties": {
                "collation": "SQL_Latin1_General_CP1_CI_AS",
                "maxSizeBytes": 5368709120,
                "catalogCollation": "SQL_Latin1_General_CP1_CI_AS",
                "zoneRedundant": false,
                "readScale": "Disabled",
                "autoPauseDelay": -1,
                "requestedBackupStorageRedundancy": "Geo",
                "minCapacity": 0.5,
                "maintenanceConfigurationId": "/subscriptions/79470d96-6e02-4690-bc5b-73120a6d188e/providers/Microsoft.Maintenance/publicMaintenanceConfigurations/SQL_Default",
                "isLedgerOn": false,
                "availabilityZone": "NoPreference"
            }
        },
        {
            "type": "Microsoft.Sql/servers/databases/advancedThreatProtectionSettings",
            "apiVersion": "2024-05-01-preview",
            "name": "[concat(parameters('servers_sk_poc_dql_db_name'), '/sk-poc-sql-db/Default')]",
            "dependsOn": [
                "[resourceId('Microsoft.Sql/servers/databases', parameters('servers_sk_poc_dql_db_name'), 'sk-poc-sql-db')]"
            ],
            "properties": {
                "state": "Disabled"
            }
        },
        {
            "type": "Microsoft.Sql/servers/databases/advisors",
            "apiVersion": "2014-04-01",
            "name": "[concat(parameters('servers_sk_poc_dql_db_name'), '/sk-poc-sql-db/CreateIndex')]",
            "dependsOn": [
                "[resourceId('Microsoft.Sql/servers/databases', parameters('servers_sk_poc_dql_db_name'), 'sk-poc-sql-db')]"
            ],
            "properties": {
                "autoExecuteValue": "Disabled"
            }
        },
        {
            "type": "Microsoft.Sql/servers/databases/advisors",
            "apiVersion": "2014-04-01",
            "name": "[concat(parameters('servers_sk_poc_dql_db_name'), '/sk-poc-sql-db/DbParameterization')]",
            "dependsOn": [
                "[resourceId('Microsoft.Sql/servers/databases', parameters('servers_sk_poc_dql_db_name'), 'sk-poc-sql-db')]"
            ],
            "properties": {
                "autoExecuteValue": "Disabled"
            }
        },
        {
            "type": "Microsoft.Sql/servers/databases/advisors",
            "apiVersion": "2014-04-01",
            "name": "[concat(parameters('servers_sk_poc_dql_db_name'), '/sk-poc-sql-db/DefragmentIndex')]",
            "dependsOn": [
                "[resourceId('Microsoft.Sql/servers/databases', parameters('servers_sk_poc_dql_db_name'), 'sk-poc-sql-db')]"
            ],
            "properties": {
                "autoExecuteValue": "Disabled"
            }
        },
        {
            "type": "Microsoft.Sql/servers/databases/advisors",
            "apiVersion": "2014-04-01",
            "name": "[concat(parameters('servers_sk_poc_dql_db_name'), '/sk-poc-sql-db/DropIndex')]",
            "dependsOn": [
                "[resourceId('Microsoft.Sql/servers/databases', parameters('servers_sk_poc_dql_db_name'), 'sk-poc-sql-db')]"
            ],
            "properties": {
                "autoExecuteValue": "Disabled"
            }
        },
        {
            "type": "Microsoft.Sql/servers/databases/advisors",
            "apiVersion": "2014-04-01",
            "name": "[concat(parameters('servers_sk_poc_dql_db_name'), '/sk-poc-sql-db/ForceLastGoodPlan')]",
            "dependsOn": [
                "[resourceId('Microsoft.Sql/servers/databases', parameters('servers_sk_poc_dql_db_name'), 'sk-poc-sql-db')]"
            ],
            "properties": {
                "autoExecuteValue": "Enabled"
            }
        },
        {
            "type": "Microsoft.Sql/servers/databases/auditingPolicies",
            "apiVersion": "2014-04-01",
            "name": "[concat(parameters('servers_sk_poc_dql_db_name'), '/sk-poc-sql-db/Default')]",
            "location": "Central India",
            "dependsOn": [
                "[resourceId('Microsoft.Sql/servers/databases', parameters('servers_sk_poc_dql_db_name'), 'sk-poc-sql-db')]"
            ],
            "properties": {
                "auditingState": "Disabled"
            }
        },
        {
            "type": "Microsoft.Sql/servers/databases/auditingSettings",
            "apiVersion": "2024-05-01-preview",
            "name": "[concat(parameters('servers_sk_poc_dql_db_name'), '/sk-poc-sql-db/Default')]",
            "dependsOn": [
                "[resourceId('Microsoft.Sql/servers/databases', parameters('servers_sk_poc_dql_db_name'), 'sk-poc-sql-db')]"
            ],
            "properties": {
                "retentionDays": 0,
                "isAzureMonitorTargetEnabled": false,
                "state": "Disabled",
                "storageAccountSubscriptionId": "00000000-0000-0000-0000-000000000000"
            }
        },
        {
            "type": "Microsoft.Sql/servers/databases/backupLongTermRetentionPolicies",
            "apiVersion": "2024-05-01-preview",
            "name": "[concat(parameters('servers_sk_poc_dql_db_name'), '/sk-poc-sql-db/default')]",
            "dependsOn": [
                "[resourceId('Microsoft.Sql/servers/databases', parameters('servers_sk_poc_dql_db_name'), 'sk-poc-sql-db')]"
            ],
            "properties": {
                "weeklyRetention": "PT0S",
                "monthlyRetention": "PT0S",
                "yearlyRetention": "PT0S",
                "weekOfYear": 0
            }
        },
        {
            "type": "Microsoft.Sql/servers/databases/backupShortTermRetentionPolicies",
            "apiVersion": "2024-05-01-preview",
            "name": "[concat(parameters('servers_sk_poc_dql_db_name'), '/sk-poc-sql-db/default')]",
            "dependsOn": [
                "[resourceId('Microsoft.Sql/servers/databases', parameters('servers_sk_poc_dql_db_name'), 'sk-poc-sql-db')]"
            ],
            "properties": {
                "retentionDays": 7,
                "diffBackupIntervalInHours": 12
            }
        },
        {
            "type": "Microsoft.Sql/servers/databases/extendedAuditingSettings",
            "apiVersion": "2024-05-01-preview",
            "name": "[concat(parameters('servers_sk_poc_dql_db_name'), '/sk-poc-sql-db/Default')]",
            "dependsOn": [
                "[resourceId('Microsoft.Sql/servers/databases', parameters('servers_sk_poc_dql_db_name'), 'sk-poc-sql-db')]"
            ],
            "properties": {
                "retentionDays": 0,
                "isAzureMonitorTargetEnabled": false,
                "state": "Disabled",
                "storageAccountSubscriptionId": "00000000-0000-0000-0000-000000000000"
            }
        },
        {
            "type": "Microsoft.Sql/servers/databases/geoBackupPolicies",
            "apiVersion": "2024-05-01-preview",
            "name": "[concat(parameters('servers_sk_poc_dql_db_name'), '/sk-poc-sql-db/Default')]",
            "dependsOn": [
                "[resourceId('Microsoft.Sql/servers/databases', parameters('servers_sk_poc_dql_db_name'), 'sk-poc-sql-db')]"
            ],
            "properties": {
                "state": "Enabled"
            }
        },
        {
            "type": "Microsoft.Sql/servers/databases/ledgerDigestUploads",
            "apiVersion": "2024-05-01-preview",
            "name": "[concat(parameters('servers_sk_poc_dql_db_name'), '/sk-poc-sql-db/Current')]",
            "dependsOn": [
                "[resourceId('Microsoft.Sql/servers/databases', parameters('servers_sk_poc_dql_db_name'), 'sk-poc-sql-db')]"
            ],
            "properties": {}
        },
        {
            "type": "Microsoft.Sql/servers/databases/securityAlertPolicies",
            "apiVersion": "2024-05-01-preview",
            "name": "[concat(parameters('servers_sk_poc_dql_db_name'), '/sk-poc-sql-db/Default')]",
            "dependsOn": [
                "[resourceId('Microsoft.Sql/servers/databases', parameters('servers_sk_poc_dql_db_name'), 'sk-poc-sql-db')]"
            ],
            "properties": {
                "state": "Disabled",
                "disabledAlerts": [
                    ""
                ],
                "emailAddresses": [
                    ""
                ],
                "emailAccountAdmins": false,
                "retentionDays": 0
            }
        },
        {
            "type": "Microsoft.Sql/servers/databases/transparentDataEncryption",
            "apiVersion": "2024-05-01-preview",
            "name": "[concat(parameters('servers_sk_poc_dql_db_name'), '/sk-poc-sql-db/Current')]",
            "dependsOn": [
                "[resourceId('Microsoft.Sql/servers/databases', parameters('servers_sk_poc_dql_db_name'), 'sk-poc-sql-db')]"
            ],
            "properties": {
                "state": "Enabled"
            }
        },
        {
            "type": "Microsoft.Sql/servers/databases/vulnerabilityAssessments",
            "apiVersion": "2024-05-01-preview",
            "name": "[concat(parameters('servers_sk_poc_dql_db_name'), '/sk-poc-sql-db/Default')]",
            "dependsOn": [
                "[resourceId('Microsoft.Sql/servers/databases', parameters('servers_sk_poc_dql_db_name'), 'sk-poc-sql-db')]"
            ],
            "properties": {
                "recurringScans": {
                    "isEnabled": false,
                    "emailSubscriptionAdmins": true
                }
            }
        }
    ]
}